{
    "name": "laravel",
    "lockfileVersion": 3,
    "requires": true,
    "packages": {
        "": {
            "devDependencies": {
                "axios": "^1.1.2",
                "laravel-vite-plugin": "^0.7.2",
                "vite": "^4.0.0"
            }
        },
        "node_modules/@esbuild/android-arm": {
            "version": "0.18.20",
            "resolved": "https://registry.npmjs.org/@esbuild/android-arm/-/android-arm-0.18.20.tgz",
            "integrity": "sha512-fyi7TDI/ijKKNZTUJAQqiG5T7YjJXgnzkURqmGj13C6dCqckZBLdl4h7bkhHt/t0WP+zO9/zwroDvANaOqO5Sw==",
            "cpu": [
                "arm"
            ],
            "dev": true,
            "optional": true,
            "os": [
                "android"
            ],
            "engines": {
                "node": ">=12"
            }
        },
        "node_modules/@esbuild/android-arm64": {
            "version": "0.18.20",
            "resolved": "https://registry.npmjs.org/@esbuild/android-arm64/-/android-arm64-0.18.20.tgz",
            "integrity": "sha512-Nz4rJcchGDtENV0eMKUNa6L12zz2zBDXuhj/Vjh18zGqB44Bi7MBMSXjgunJgjRhCmKOjnPuZp4Mb6OKqtMHLQ==",
            "cpu": [
                "arm64"
            ],
            "dev": true,
            "optional": true,
            "os": [
                "android"
            ],
            "engines": {
                "node": ">=12"
            }
        },
        "node_modules/@esbuild/android-x64": {
            "version": "0.18.20",
            "resolved": "https://registry.npmjs.org/@esbuild/android-x64/-/android-x64-0.18.20.tgz",
            "integrity": "sha512-8GDdlePJA8D6zlZYJV/jnrRAi6rOiNaCC/JclcXpB+KIuvfBN4owLtgzY2bsxnx666XjJx2kDPUmnTtR8qKQUg==",
            "cpu": [
                "x64"
            ],
            "dev": true,
            "optional": true,
            "os": [
                "android"
            ],
            "engines": {
                "node": ">=12"
            }
        },
        "node_modules/@esbuild/darwin-arm64": {
            "version": "0.18.20",
            "resolved": "https://registry.npmjs.org/@esbuild/darwin-arm64/-/darwin-arm64-0.18.20.tgz",
            "integrity": "sha512-bxRHW5kHU38zS2lPTPOyuyTm+S+eobPUnTNkdJEfAddYgEcll4xkT8DB9d2008DtTbl7uJag2HuE5NZAZgnNEA==",
            "cpu": [
                "arm64"
            ],
            "dev": true,
            "optional": true,
            "os": [
                "darwin"
            ],
            "engines": {
                "node": ">=12"
            }
        },
        "node_modules/@esbuild/darwin-x64": {
            "version": "0.18.20",
            "resolved": "https://registry.npmjs.org/@esbuild/darwin-x64/-/darwin-x64-0.18.20.tgz",
            "integrity": "sha512-pc5gxlMDxzm513qPGbCbDukOdsGtKhfxD1zJKXjCCcU7ju50O7MeAZ8c4krSJcOIJGFR+qx21yMMVYwiQvyTyQ==",
            "cpu": [
                "x64"
            ],
            "dev": true,
            "optional": true,
            "os": [
                "darwin"
            ],
            "engines": {
                "node": ">=12"
            }
        },
        "node_modules/@esbuild/freebsd-arm64": {
            "version": "0.18.20",
            "resolved": "https://registry.npmjs.org/@esbuild/freebsd-arm64/-/freebsd-arm64-0.18.20.tgz",
            "integrity": "sha512-yqDQHy4QHevpMAaxhhIwYPMv1NECwOvIpGCZkECn8w2WFHXjEwrBn3CeNIYsibZ/iZEUemj++M26W3cNR5h+Tw==",
            "cpu": [
                "arm64"
            ],
            "dev": true,
            "optional": true,
            "os": [
                "freebsd"
            ],
            "engines": {
                "node": ">=12"
            }
        },
        "node_modules/@esbuild/freebsd-x64": {
            "version": "0.18.20",
            "resolved": "https://registry.npmjs.org/@esbuild/freebsd-x64/-/freebsd-x64-0.18.20.tgz",
            "integrity": "sha512-tgWRPPuQsd3RmBZwarGVHZQvtzfEBOreNuxEMKFcd5DaDn2PbBxfwLcj4+aenoh7ctXcbXmOQIn8HI6mCSw5MQ==",
            "cpu": [
                "x64"
            ],
            "dev": true,
            "optional": true,
            "os": [
                "freebsd"
            ],
            "engines": {
                "node": ">=12"
            }
        },
        "node_modules/@esbuild/linux-arm": {
            "version": "0.18.20",
            "resolved": "https://registry.npmjs.org/@esbuild/linux-arm/-/linux-arm-0.18.20.tgz",
            "integrity": "sha512-/5bHkMWnq1EgKr1V+Ybz3s1hWXok7mDFUMQ4cG10AfW3wL02PSZi5kFpYKrptDsgb2WAJIvRcDm+qIvXf/apvg==",
            "cpu": [
                "arm"
            ],
            "dev": true,
            "optional": true,
            "os": [
                "linux"
            ],
            "engines": {
                "node": ">=12"
            }
        },
        "node_modules/@esbuild/linux-arm64": {
            "version": "0.18.20",
            "resolved": "https://registry.npmjs.org/@esbuild/linux-arm64/-/linux-arm64-0.18.20.tgz",
            "integrity": "sha512-2YbscF+UL7SQAVIpnWvYwM+3LskyDmPhe31pE7/aoTMFKKzIc9lLbyGUpmmb8a8AixOL61sQ/mFh3jEjHYFvdA==",
            "cpu": [
                "arm64"
            ],
            "dev": true,
            "optional": true,
            "os": [
                "linux"
            ],
            "engines": {
                "node": ">=12"
            }
        },
        "node_modules/@esbuild/linux-ia32": {
            "version": "0.18.20",
            "resolved": "https://registry.npmjs.org/@esbuild/linux-ia32/-/linux-ia32-0.18.20.tgz",
            "integrity": "sha512-P4etWwq6IsReT0E1KHU40bOnzMHoH73aXp96Fs8TIT6z9Hu8G6+0SHSw9i2isWrD2nbx2qo5yUqACgdfVGx7TA==",
            "cpu": [
                "ia32"
            ],
            "dev": true,
            "optional": true,
            "os": [
                "linux"
            ],
            "engines": {
                "node": ">=12"
            }
        },
        "node_modules/@esbuild/linux-loong64": {
            "version": "0.18.20",
            "resolved": "https://registry.npmjs.org/@esbuild/linux-loong64/-/linux-loong64-0.18.20.tgz",
            "integrity": "sha512-nXW8nqBTrOpDLPgPY9uV+/1DjxoQ7DoB2N8eocyq8I9XuqJ7BiAMDMf9n1xZM9TgW0J8zrquIb/A7s3BJv7rjg==",
            "cpu": [
                "loong64"
            ],
            "dev": true,
            "optional": true,
            "os": [
                "linux"
            ],
            "engines": {
                "node": ">=12"
            }
        },
        "node_modules/@esbuild/linux-mips64el": {
            "version": "0.18.20",
            "resolved": "https://registry.npmjs.org/@esbuild/linux-mips64el/-/linux-mips64el-0.18.20.tgz",
            "integrity": "sha512-d5NeaXZcHp8PzYy5VnXV3VSd2D328Zb+9dEq5HE6bw6+N86JVPExrA6O68OPwobntbNJ0pzCpUFZTo3w0GyetQ==",
            "cpu": [
                "mips64el"
            ],
            "dev": true,
            "optional": true,
            "os": [
                "linux"
            ],
            "engines": {
                "node": ">=12"
            }
        },
        "node_modules/@esbuild/linux-ppc64": {
            "version": "0.18.20",
            "resolved": "https://registry.npmjs.org/@esbuild/linux-ppc64/-/linux-ppc64-0.18.20.tgz",
            "integrity": "sha512-WHPyeScRNcmANnLQkq6AfyXRFr5D6N2sKgkFo2FqguP44Nw2eyDlbTdZwd9GYk98DZG9QItIiTlFLHJHjxP3FA==",
            "cpu": [
                "ppc64"
            ],
            "dev": true,
            "optional": true,
            "os": [
                "linux"
            ],
            "engines": {
                "node": ">=12"
            }
        },
        "node_modules/@esbuild/linux-riscv64": {
            "version": "0.18.20",
            "resolved": "https://registry.npmjs.org/@esbuild/linux-riscv64/-/linux-riscv64-0.18.20.tgz",
            "integrity": "sha512-WSxo6h5ecI5XH34KC7w5veNnKkju3zBRLEQNY7mv5mtBmrP/MjNBCAlsM2u5hDBlS3NGcTQpoBvRzqBcRtpq1A==",
            "cpu": [
                "riscv64"
            ],
            "dev": true,
            "optional": true,
            "os": [
                "linux"
            ],
            "engines": {
                "node": ">=12"
            }
        },
        "node_modules/@esbuild/linux-s390x": {
            "version": "0.18.20",
            "resolved": "https://registry.npmjs.org/@esbuild/linux-s390x/-/linux-s390x-0.18.20.tgz",
            "integrity": "sha512-+8231GMs3mAEth6Ja1iK0a1sQ3ohfcpzpRLH8uuc5/KVDFneH6jtAJLFGafpzpMRO6DzJ6AvXKze9LfFMrIHVQ==",
            "cpu": [
                "s390x"
            ],
            "dev": true,
            "optional": true,
            "os": [
                "linux"
            ],
            "engines": {
                "node": ">=12"
            }
        },
        "node_modules/@esbuild/linux-x64": {
            "version": "0.18.20",
            "resolved": "https://registry.npmjs.org/@esbuild/linux-x64/-/linux-x64-0.18.20.tgz",
            "integrity": "sha512-UYqiqemphJcNsFEskc73jQ7B9jgwjWrSayxawS6UVFZGWrAAtkzjxSqnoclCXxWtfwLdzU+vTpcNYhpn43uP1w==",
            "cpu": [
                "x64"
            ],
            "dev": true,
            "optional": true,
            "os": [
                "linux"
            ],
            "engines": {
                "node": ">=12"
            }
        },
        "node_modules/@esbuild/netbsd-x64": {
            "version": "0.18.20",
            "resolved": "https://registry.npmjs.org/@esbuild/netbsd-x64/-/netbsd-x64-0.18.20.tgz",
            "integrity": "sha512-iO1c++VP6xUBUmltHZoMtCUdPlnPGdBom6IrO4gyKPFFVBKioIImVooR5I83nTew5UOYrk3gIJhbZh8X44y06A==",
            "cpu": [
                "x64"
            ],
            "dev": true,
            "optional": true,
            "os": [
                "netbsd"
            ],
            "engines": {
                "node": ">=12"
            }
        },
        "node_modules/@esbuild/openbsd-x64": {
            "version": "0.18.20",
            "resolved": "https://registry.npmjs.org/@esbuild/openbsd-x64/-/openbsd-x64-0.18.20.tgz",
            "integrity": "sha512-e5e4YSsuQfX4cxcygw/UCPIEP6wbIL+se3sxPdCiMbFLBWu0eiZOJ7WoD+ptCLrmjZBK1Wk7I6D/I3NglUGOxg==",
            "cpu": [
                "x64"
            ],
            "dev": true,
            "optional": true,
            "os": [
                "openbsd"
            ],
            "engines": {
                "node": ">=12"
            }
        },
        "node_modules/@esbuild/sunos-x64": {
            "version": "0.18.20",
            "resolved": "https://registry.npmjs.org/@esbuild/sunos-x64/-/sunos-x64-0.18.20.tgz",
            "integrity": "sha512-kDbFRFp0YpTQVVrqUd5FTYmWo45zGaXe0X8E1G/LKFC0v8x0vWrhOWSLITcCn63lmZIxfOMXtCfti/RxN/0wnQ==",
            "cpu": [
                "x64"
            ],
            "dev": true,
            "optional": true,
            "os": [
                "sunos"
            ],
            "engines": {
                "node": ">=12"
            }
        },
        "node_modules/@esbuild/win32-arm64": {
            "version": "0.18.20",
            "resolved": "https://registry.npmjs.org/@esbuild/win32-arm64/-/win32-arm64-0.18.20.tgz",
            "integrity": "sha512-ddYFR6ItYgoaq4v4JmQQaAI5s7npztfV4Ag6NrhiaW0RrnOXqBkgwZLofVTlq1daVTQNhtI5oieTvkRPfZrePg==",
            "cpu": [
                "arm64"
            ],
            "dev": true,
            "optional": true,
            "os": [
                "win32"
            ],
            "engines": {
                "node": ">=12"
            }
        },
        "node_modules/@esbuild/win32-ia32": {
            "version": "0.18.20",
            "resolved": "https://registry.npmjs.org/@esbuild/win32-ia32/-/win32-ia32-0.18.20.tgz",
            "integrity": "sha512-Wv7QBi3ID/rROT08SABTS7eV4hX26sVduqDOTe1MvGMjNd3EjOz4b7zeexIR62GTIEKrfJXKL9LFxTYgkyeu7g==",
            "cpu": [
                "ia32"
            ],
            "dev": true,
            "optional": true,
            "os": [
                "win32"
            ],
            "engines": {
                "node": ">=12"
            }
        },
        "node_modules/@esbuild/win32-x64": {
            "version": "0.18.20",
            "resolved": "https://registry.npmjs.org/@esbuild/win32-x64/-/win32-x64-0.18.20.tgz",
            "integrity": "sha512-kTdfRcSiDfQca/y9QIkng02avJ+NCaQvrMejlsB3RRv5sE9rRoeBPISaZpKxHELzRxZyLvNts1P27W3wV+8geQ==",
            "cpu": [
                "x64"
            ],
            "dev": true,
            "optional": true,
            "os": [
                "win32"
            ],
            "engines": {
                "node": ">=12"
            }
        },
        "node_modules/asynckit": {
            "version": "0.4.0",
            "resolved": "https://registry.npmjs.org/asynckit/-/asynckit-0.4.0.tgz",
            "integrity": "sha512-Oei9OH4tRh0YqU3GxhX79dM/mwVgvbZJaSNaRk+bshkj0S5cfHcgYakreBjrHwatXKbz+IoIdYLxrKim2MjW0Q==",
            "dev": true
        },
        "node_modules/axios": {
            "version": "1.7.2",
            "resolved": "https://registry.npmjs.org/axios/-/axios-1.7.2.tgz",
            "integrity": "sha512-2A8QhOMrbomlDuiLeK9XibIBzuHeRcqqNOHp0Cyp5EoJ1IFDh+XZH3A6BkXtv0K4gFGCI0Y4BM7B1wOEi0Rmgw==",
            "dev": true,
            "dependencies": {
                "follow-redirects": "^1.15.6",
                "form-data": "^4.0.0",
                "proxy-from-env": "^1.1.0"
            }
        },
        "node_modules/combined-stream": {
            "version": "1.0.8",
            "resolved": "https://registry.npmjs.org/combined-stream/-/combined-stream-1.0.8.tgz",
            "integrity": "sha512-FQN4MRfuJeHf7cBbBMJFXhKSDq+2kAArBlmRBvcvFE5BB1HZKXtSFASDhdlz9zOYwxh8lDdnvmMOe/+5cdoEdg==",
            "dev": true,
            "dependencies": {
                "delayed-stream": "~1.0.0"
            },
            "engines": {
                "node": ">= 0.8"
            }
        },
        "node_modules/delayed-stream": {
            "version": "1.0.0",
            "resolved": "https://registry.npmjs.org/delayed-stream/-/delayed-stream-1.0.0.tgz",
            "integrity": "sha512-ZySD7Nf91aLB0RxL4KGrKHBXl7Eds1DAmEdcoVawXnLD7SDhpNgtuII2aAkg7a7QS41jxPSZ17p4VdGnMHk3MQ==",
            "dev": true,
            "engines": {
                "node": ">=0.4.0"
            }
        },
        "node_modules/esbuild": {
            "version": "0.18.20",
            "resolved": "https://registry.npmjs.org/esbuild/-/esbuild-0.18.20.tgz",
            "integrity": "sha512-ceqxoedUrcayh7Y7ZX6NdbbDzGROiyVBgC4PriJThBKSVPWnnFHZAkfI1lJT8QFkOwH4qOS2SJkS4wvpGl8BpA==",
            "dev": true,
            "hasInstallScript": true,
            "bin": {
                "esbuild": "bin/esbuild"
            },
            "engines": {
                "node": ">=12"
            },
            "optionalDependencies": {
                "@esbuild/android-arm": "0.18.20",
                "@esbuild/android-arm64": "0.18.20",
                "@esbuild/android-x64": "0.18.20",
                "@esbuild/darwin-arm64": "0.18.20",
                "@esbuild/darwin-x64": "0.18.20",
                "@esbuild/freebsd-arm64": "0.18.20",
                "@esbuild/freebsd-x64": "0.18.20",
                "@esbuild/linux-arm": "0.18.20",
                "@esbuild/linux-arm64": "0.18.20",
                "@esbuild/linux-ia32": "0.18.20",
                "@esbuild/linux-loong64": "0.18.20",
                "@esbuild/linux-mips64el": "0.18.20",
                "@esbuild/linux-ppc64": "0.18.20",
                "@esbuild/linux-riscv64": "0.18.20",
                "@esbuild/linux-s390x": "0.18.20",
                "@esbuild/linux-x64": "0.18.20",
                "@esbuild/netbsd-x64": "0.18.20",
                "@esbuild/openbsd-x64": "0.18.20",
                "@esbuild/sunos-x64": "0.18.20",
                "@esbuild/win32-arm64": "0.18.20",
                "@esbuild/win32-ia32": "0.18.20",
                "@esbuild/win32-x64": "0.18.20"
            }
        },
        "node_modules/follow-redirects": {
            "version": "1.15.6",
            "resolved": "https://registry.npmjs.org/follow-redirects/-/follow-redirects-1.15.6.tgz",
            "integrity": "sha512-wWN62YITEaOpSK584EZXJafH1AGpO8RVgElfkuXbTOrPX4fIfOyEpW/CsiNd8JdYrAoOvafRTOEnvsO++qCqFA==",
            "dev": true,
            "funding": [
                {
                    "type": "individual",
                    "url": "https://github.com/sponsors/RubenVerborgh"
                }
            ],
            "engines": {
                "node": ">=4.0"
            },
            "peerDependenciesMeta": {
                "debug": {
                    "optional": true
                }
            }
        },
        "node_modules/form-data": {
            "version": "4.0.0",
            "resolved": "https://registry.npmjs.org/form-data/-/form-data-4.0.0.tgz",
            "integrity": "sha512-ETEklSGi5t0QMZuiXoA/Q6vcnxcLQP5vdugSpuAyi6SVGi2clPPp+xgEhuMaHC+zGgn31Kd235W35f7Hykkaww==",
            "dev": true,
            "dependencies": {
                "asynckit": "^0.4.0",
                "combined-stream": "^1.0.8",
                "mime-types": "^2.1.12"
            },
            "engines": {
                "node": ">= 6"
            }
        },
        "node_modules/fsevents": {
            "version": "2.3.3",
            "resolved": "https://registry.npmjs.org/fsevents/-/fsevents-2.3.3.tgz",
            "integrity": "sha512-5xoDfX+fL7faATnagmWPpbFtwh/R77WmMMqqHGS65C3vvB0YHrgF+B1YmZ3441tMj5n63k0212XNoJwzlhffQw==",
            "dev": true,
            "hasInstallScript": true,
            "optional": true,
            "os": [
                "darwin"
            ],
            "engines": {
                "node": "^8.16.0 || ^10.6.0 || >=11.0.0"
            }
        },
        "node_modules/laravel-vite-plugin": {
            "version": "0.7.8",
            "resolved": "https://registry.npmjs.org/laravel-vite-plugin/-/laravel-vite-plugin-0.7.8.tgz",
            "integrity": "sha512-HWYqpQYHR3kEQ1LsHX7gHJoNNf0bz5z5mDaHBLzS+PGLCTmYqlU5/SZyeEgObV7z7bC/cnStYcY9H1DI1D5Udg==",
            "dev": true,
            "dependencies": {
                "picocolors": "^1.0.0",
                "vite-plugin-full-reload": "^1.0.5"
            },
            "engines": {
                "node": ">=14"
            },
            "peerDependencies": {
                "vite": "^3.0.0 || ^4.0.0"
            }
        },
        "node_modules/mime-db": {
            "version": "1.52.0",
            "resolved": "https://registry.npmjs.org/mime-db/-/mime-db-1.52.0.tgz",
            "integrity": "sha512-sPU4uV7dYlvtWJxwwxHD0PuihVNiE7TyAbQ5SWxDCB9mUYvOgroQOwYQQOKPJ8CIbE+1ETVlOoK1UC2nU3gYvg==",
            "dev": true,
            "engines": {
                "node": ">= 0.6"
            }
        },
        "node_modules/mime-types": {
            "version": "2.1.35",
            "resolved": "https://registry.npmjs.org/mime-types/-/mime-types-2.1.35.tgz",
            "integrity": "sha512-ZDY+bPm5zTTF+YpCrAU9nK0UgICYPT0QtT1NZWFv4s++TNkcgVaT0g6+4R2uI4MjQjzysHB1zxuWL50hzaeXiw==",
            "dev": true,
            "dependencies": {
                "mime-db": "1.52.0"
            },
            "engines": {
                "node": ">= 0.6"
            }
        },
        "node_modules/nanoid": {
            "version": "3.3.7",
            "resolved": "https://registry.npmjs.org/nanoid/-/nanoid-3.3.7.tgz",
            "integrity": "sha512-eSRppjcPIatRIMC1U6UngP8XFcz8MQWGQdt1MTBQ7NaAmvXDfvNxbvWV3x2y6CdEUciCSsDHDQZbhYaB8QEo2g==",
            "dev": true,
            "funding": [
                {
                    "type": "github",
                    "url": "https://github.com/sponsors/ai"
                }
            ],
            "bin": {
                "nanoid": "bin/nanoid.cjs"
            },
            "engines": {
                "node": "^10 || ^12 || ^13.7 || ^14 || >=15.0.1"
            }
        },
        "node_modules/picocolors": {
            "version": "1.0.1",
            "resolved": "https://registry.npmjs.org/picocolors/-/picocolors-1.0.1.tgz",
            "integrity": "sha512-anP1Z8qwhkbmu7MFP5iTt+wQKXgwzf7zTyGlcdzabySa9vd0Xt392U0rVmz9poOaBj0uHJKyyo9/upk0HrEQew==",
            "dev": true
        },
        "node_modules/picomatch": {
            "version": "2.3.1",
            "resolved": "https://registry.npmjs.org/picomatch/-/picomatch-2.3.1.tgz",
            "integrity": "sha512-JU3teHTNjmE2VCGFzuY8EXzCDVwEqB2a8fsIvwaStHhAWJEeVd1o1QD80CU6+ZdEXXSLbSsuLwJjkCBWqRQUVA==",
            "dev": true,
            "engines": {
                "node": ">=8.6"
            },
            "funding": {
                "url": "https://github.com/sponsors/jonschlinkert"
            }
        },
        "node_modules/postcss": {
            "version": "8.4.38",
            "resolved": "https://registry.npmjs.org/postcss/-/postcss-8.4.38.tgz",
            "integrity": "sha512-Wglpdk03BSfXkHoQa3b/oulrotAkwrlLDRSOb9D0bN86FdRyE9lppSp33aHNPgBa0JKCoB+drFLZkQoRRYae5A==",
            "dev": true,
            "funding": [
                {
                    "type": "opencollective",
                    "url": "https://opencollective.com/postcss/"
                },
                {
                    "type": "tidelift",
                    "url": "https://tidelift.com/funding/github/npm/postcss"
                },
                {
                    "type": "github",
                    "url": "https://github.com/sponsors/ai"
                }
            ],
            "dependencies": {
                "nanoid": "^3.3.7",
                "picocolors": "^1.0.0",
                "source-map-js": "^1.2.0"
            },
            "engines": {
                "node": "^10 || ^12 || >=14"
            }
        },
        "node_modules/proxy-from-env": {
            "version": "1.1.0",
            "resolved": "https://registry.npmjs.org/proxy-from-env/-/proxy-from-env-1.1.0.tgz",
            "integrity": "sha512-D+zkORCbA9f1tdWRK0RaCR3GPv50cMxcrz4X8k5LTSUD1Dkw47mKJEZQNunItRTkWwgtaUSo1RVFRIG9ZXiFYg==",
            "dev": true
        },
        "node_modules/rollup": {
            "version": "3.29.4",
            "resolved": "https://registry.npmjs.org/rollup/-/rollup-3.29.4.tgz",
            "integrity": "sha512-oWzmBZwvYrU0iJHtDmhsm662rC15FRXmcjCk1xD771dFDx5jJ02ufAQQTn0etB2emNk4J9EZg/yWKpsn9BWGRw==",
            "dev": true,
            "bin": {
                "rollup": "dist/bin/rollup"
            },
            "engines": {
                "node": ">=14.18.0",
                "npm": ">=8.0.0"
            },
            "optionalDependencies": {
                "fsevents": "~2.3.2"
            }
        },
        "node_modules/source-map-js": {
            "version": "1.2.0",
            "resolved": "https://registry.npmjs.org/source-map-js/-/source-map-js-1.2.0.tgz",
            "integrity": "sha512-itJW8lvSA0TXEphiRoawsCksnlf8SyvmFzIhltqAHluXd88pkCd+cXJVHTDwdCr0IzwptSm035IHQktUu1QUMg==",
            "dev": true,
            "engines": {
                "node": ">=0.10.0"
            }
        },
        "node_modules/vite": {
            "version": "4.5.3",
            "resolved": "https://registry.npmjs.org/vite/-/vite-4.5.3.tgz",
            "integrity": "sha512-kQL23kMeX92v3ph7IauVkXkikdDRsYMGTVl5KY2E9OY4ONLvkHf04MDTbnfo6NKxZiDLWzVpP5oTa8hQD8U3dg==",
            "dev": true,
            "dependencies": {
                "esbuild": "^0.18.10",
                "postcss": "^8.4.27",
                "rollup": "^3.27.1"
            },
            "bin": {
                "vite": "bin/vite.js"
            },
            "engines": {
                "node": "^14.18.0 || >=16.0.0"
            },
            "funding": {
                "url": "https://github.com/vitejs/vite?sponsor=1"
            },
            "optionalDependencies": {
                "fsevents": "~2.3.2"
            },
            "peerDependencies": {
                "@types/node": ">= 14",
                "less": "*",
                "lightningcss": "^1.21.0",
                "sass": "*",
                "stylus": "*",
                "sugarss": "*",
                "terser": "^5.4.0"
            },
            "peerDependenciesMeta": {
                "@types/node": {
                    "optional": true
                },
                "less": {
                    "optional": true
                },
                "lightningcss": {
                    "optional": true
                },
                "sass": {
                    "optional": true
                },
                "stylus": {
                    "optional": true
                },
                "sugarss": {
                    "optional": true
                },
                "terser": {
                    "optional": true
                }
            }
        },
        "node_modules/vite-plugin-full-reload": {
            "version": "1.1.0",
            "resolved": "https://registry.npmjs.org/vite-plugin-full-reload/-/vite-plugin-full-reload-1.1.0.tgz",
            "integrity": "sha512-3cObNDzX6DdfhD9E7kf6w2mNunFpD7drxyNgHLw+XwIYAgb+Xt16SEXo0Up4VH+TMf3n+DSVJZtW2POBGcBYAA==",
            "dev": true,
            "dependencies": {
                "picocolors": "^1.0.0",
                "picomatch": "^2.3.1"
            }
        }
    }
}
